Plan,횜휓체n,Besin,Miktar,Birim,Kalori,Protein,Karbonhidrat,Ya휓,횜휓체n Toplamlar캇
Plan 1,1. 횜휒횥N,,,,,,,,
Plan 1,,,,,,,,,
Plan 1,,,,,,,,,
Plan 1,2. 횜휒횥N,,,,,,,,
Plan 1,,,,,,,,,
Plan 1,,,,,,,,,
Plan 1,3. 횜휒횥N,,,,,,,,
Plan 1,,,,,,,,,
Plan 1,,,,,,,,,
Plan 1,4. 횜휒횥N,,,,,,,,
Plan 1,,,,,,,,,
Plan 1,,,,,,,,,
Plan 1,5. 횜휒횥N,,,,,,,,
Plan 1,,,,,,,,,
Plan 1,,,,,,,,,
Plan 1,6. 횜휒횥N,,,,,,,,
Plan 1,,,,,,,,,
Plan 1,,,,,,,,,
Plan 1,G횥N SONU TOPLAMI,,,,,,,,
Plan 2,1. 횜휒횥N,,,,,,,,
Plan 2,,,,,,,,,
Plan 2,,,,,,,,,
Plan 2,2. 횜휒횥N,,,,,,,,
Plan 2,,,,,,,,,
Plan 2,,,,,,,,,
Plan 2,3. 횜휒횥N,,,,,,,,
Plan 2,,,,,,,,,
Plan 2,,,,,,,,,
Plan 2,4. 횜휒횥N,,,,,,,,
Plan 2,,,,,,,,,
Plan 2,,,,,,,,,
Plan 2,5. 횜휒횥N,,,,,,,,
Plan 2,,,,,,,,,
Plan 2,,,,,,,,,
Plan 2,6. 횜휒횥N,,,,,,,,
Plan 2,,,,,,,,,
Plan 2,,,,,,,,,
Plan 2,G횥N SONU TOPLAMI,,,,,,,,
