Hafta,Gün,Sabah KG,Su,Not
1. Hafta,Pazartesi,71.25,4.5,100 kg bench press 2 tekrar atıldı
1. Hafta,Salı,,,
1. Hafta,Çarşamba,,,
1. Hafta,Perşembe,,,
1. Hafta,Cuma,,,
1. Hafta,Cumartesi,,,
1. Hafta,Pazar,,,
2. Hafta,Pazartesi,,,
2. Hafta,Salı,,,
2. Hafta,Çarşamba,,,
2. Hafta,Perşembe,,,
2. Hafta,Cuma,,,
2. Hafta,Cumartesi,,,
2. Hafta,Pazar,,,
3. Hafta,Pazartesi,,,
3. Hafta,Salı,,,
3. Hafta,Çarşamba,,,
3. Hafta,Perşembe,,,
3. Hafta,Cuma,,,
3. Hafta,Cumartesi,,,
3. Hafta,Pazar,,,
4. Hafta,Pazartesi,,,
4. Hafta,Salı,,,
4. Hafta,Çarşamba,,,
4. Hafta,Perşembe,,,
4. Hafta,Cuma,,,
4. Hafta,Cumartesi,,,
4. Hafta,Pazar,,,
5. Hafta,Pazartesi,,,
5. Hafta,Salı,,,
5. Hafta,Çarşamba,,,
5. Hafta,Perşembe,,,
5. Hafta,Cuma,,,
5. Hafta,Cumartesi,,,
5. Hafta,Pazar,,,
6. Hafta,Pazartesi,,,
6. Hafta,Salı,,,
6. Hafta,Çarşamba,,,
6. Hafta,Perşembe,,,
6. Hafta,Cuma,,,
6. Hafta,Cumartesi,,,
6. Hafta,Pazar,,,
7. Hafta,Pazartesi,,,
7. Hafta,Salı,,,
7. Hafta,Çarşamba,,,
7. Hafta,Perşembe,,,
7. Hafta,Cuma,,,
7. Hafta,Cumartesi,,,
7. Hafta,Pazar,,,
8. Hafta,Pazartesi,,,
8. Hafta,Salı,,,
8. Hafta,Çarşamba,,,
8. Hafta,Perşembe,,,
8. Hafta,Cuma,,,
8. Hafta,Cumartesi,,,
8. Hafta,Pazar,,,
9. Hafta,Pazartesi,,,
9. Hafta,Salı,,,
9. Hafta,Çarşamba,,,
9. Hafta,Perşembe,,,
9. Hafta,Cuma,,,
9. Hafta,Cumartesi,,,
9. Hafta,Pazar,,,
10. Hafta,Pazartesi,,,
10. Hafta,Salı,,,
10. Hafta,Çarşamba,,,
10. Hafta,Perşembe,,,
10. Hafta,Cuma,,,
10. Hafta,Cumartesi,,,
10. Hafta,Pazar,,,
11. Hafta,Pazartesi,,,
11. Hafta,Salı,,,
11. Hafta,Çarşamba,,,
11. Hafta,Perşembe,,,
11. Hafta,Cuma,,,
11. Hafta,Cumartesi,,,
11. Hafta,Pazar,,,
12. Hafta,Pazartesi,,,
12. Hafta,Salı,,,
12. Hafta,Çarşamba,,,
12. Hafta,Perşembe,,,
12. Hafta,Cuma,,,
12. Hafta,Cumartesi,,,
12. Hafta,Pazar,,,
13. Hafta,Pazartesi,,,
13. Hafta,Salı,,,
13. Hafta,Çarşamba,,,
13. Hafta,Perşembe,,,
13. Hafta,Cuma,,,
13. Hafta,Cumartesi,,,
13. Hafta,Pazar,,,
14. Hafta,Pazartesi,,,
14. Hafta,Salı,,,
14. Hafta,Çarşamba,,,
14. Hafta,Perşembe,,,
14. Hafta,Cuma,,,
14. Hafta,Cumartesi,,,
14. Hafta,Pazar,,,
15. Hafta,Pazartesi,,,
15. Hafta,Salı,,,
15. Hafta,Çarşamba,,,
15. Hafta,Perşembe,,,
15. Hafta,Cuma,,,
15. Hafta,Cumartesi,,,
15. Hafta,Pazar,,,
16. Hafta,Pazartesi,,,
16. Hafta,Salı,,,
16. Hafta,Çarşamba,,,
16. Hafta,Perşembe,,,
16. Hafta,Cuma,,,
16. Hafta,Cumartesi,,,
16. Hafta,Pazar,,,
17. Hafta,Pazartesi,,,
17. Hafta,Salı,,,
17. Hafta,Çarşamba,,,
17. Hafta,Perşembe,,,
17. Hafta,Cuma,,,
17. Hafta,Cumartesi,,,
17. Hafta,Pazar,,,
18. Hafta,Pazartesi,,,
18. Hafta,Salı,,,
18. Hafta,Çarşamba,,,
18. Hafta,Perşembe,,,
18. Hafta,Cuma,,,
18. Hafta,Cumartesi,,,
18. Hafta,Pazar,,,
19. Hafta,Pazartesi,,,
19. Hafta,Salı,,,
19. Hafta,Çarşamba,,,
19. Hafta,Perşembe,,,
19. Hafta,Cuma,,,
19. Hafta,Cumartesi,,,
19. Hafta,Pazar,,,
20. Hafta,Pazartesi,,,
20. Hafta,Salı,,,
20. Hafta,Çarşamba,,,
20. Hafta,Perşembe,,,
20. Hafta,Cuma,,,
20. Hafta,Cumartesi,,,
20. Hafta,Pazar,,,
21. Hafta,Pazartesi,,,
21. Hafta,Salı,,,
21. Hafta,Çarşamba,,,
21. Hafta,Perşembe,,,
21. Hafta,Cuma,,,
21. Hafta,Cumartesi,,,
21. Hafta,Pazar,,,
22. Hafta,Pazartesi,,,
22. Hafta,Salı,,,
22. Hafta,Çarşamba,,,
22. Hafta,Perşembe,,,
22. Hafta,Cuma,,,
22. Hafta,Cumartesi,,,
22. Hafta,Pazar,,,
23. Hafta,Pazartesi,,,
23. Hafta,Salı,,,
23. Hafta,Çarşamba,,,
23. Hafta,Perşembe,,,
23. Hafta,Cuma,,,
23. Hafta,Cumartesi,,,
23. Hafta,Pazar,,,
24. Hafta,Pazartesi,,,
24. Hafta,Salı,,,
24. Hafta,Çarşamba,,,
24. Hafta,Perşembe,,,
24. Hafta,Cuma,,,
24. Hafta,Cumartesi,,,
24. Hafta,Pazar,,,
25. Hafta,Pazartesi,,,
25. Hafta,Salı,,,
25. Hafta,Çarşamba,,,
25. Hafta,Perşembe,,,
25. Hafta,Cuma,,,
25. Hafta,Cumartesi,,,
25. Hafta,Pazar,,,
26. Hafta,Pazartesi,,,
26. Hafta,Salı,,,
26. Hafta,Çarşamba,,,
26. Hafta,Perşembe,,,
26. Hafta,Cuma,,,
26. Hafta,Cumartesi,,,
26. Hafta,Pazar,,,
27. Hafta,Pazartesi,,,
27. Hafta,Salı,,,
27. Hafta,Çarşamba,,,
27. Hafta,Perşembe,,,
27. Hafta,Cuma,,,
27. Hafta,Cumartesi,,,
27. Hafta,Pazar,,,
28. Hafta,Pazartesi,,,
28. Hafta,Salı,,,
28. Hafta,Çarşamba,,,
28. Hafta,Perşembe,,,
28. Hafta,Cuma,,,
28. Hafta,Cumartesi,,,
28. Hafta,Pazar,,,
29. Hafta,Pazartesi,,,
29. Hafta,Salı,,,
29. Hafta,Çarşamba,,,
29. Hafta,Perşembe,,,
29. Hafta,Cuma,,,
29. Hafta,Cumartesi,,,
29. Hafta,Pazar,,,
30. Hafta,Pazartesi,,,
30. Hafta,Salı,,,
30. Hafta,Çarşamba,,,
30. Hafta,Perşembe,,,
30. Hafta,Cuma,,,
30. Hafta,Cumartesi,,,
30. Hafta,Pazar,,,
31. Hafta,Pazartesi,,,
31. Hafta,Salı,,,
31. Hafta,Çarşamba,,,
31. Hafta,Perşembe,,,
31. Hafta,Cuma,,,
31. Hafta,Cumartesi,,,
31. Hafta,Pazar,,,
32. Hafta,Pazartesi,,,
32. Hafta,Salı,,,
32. Hafta,Çarşamba,,,
32. Hafta,Perşembe,,,
32. Hafta,Cuma,,,
32. Hafta,Cumartesi,,,
32. Hafta,Pazar,,,
33. Hafta,Pazartesi,,,
33. Hafta,Salı,,,
33. Hafta,Çarşamba,,,
33. Hafta,Perşembe,,,
33. Hafta,Cuma,,,
33. Hafta,Cumartesi,,,
33. Hafta,Pazar,,,
34. Hafta,Pazartesi,,,
34. Hafta,Salı,,,
34. Hafta,Çarşamba,,,
34. Hafta,Perşembe,,,
34. Hafta,Cuma,,,
34. Hafta,Cumartesi,,,
34. Hafta,Pazar,,,
35. Hafta,Pazartesi,,,
35. Hafta,Salı,,,
35. Hafta,Çarşamba,,,
35. Hafta,Perşembe,,,
35. Hafta,Cuma,,,
35. Hafta,Cumartesi,,,
35. Hafta,Pazar,,,
36. Hafta,Pazartesi,,,
36. Hafta,Salı,,,
36. Hafta,Çarşamba,,,
36. Hafta,Perşembe,,,
36. Hafta,Cuma,,,
36. Hafta,Cumartesi,,,
36. Hafta,Pazar,,,
37. Hafta,Pazartesi,,,
37. Hafta,Salı,,,
37. Hafta,Çarşamba,,,
37. Hafta,Perşembe,,,
37. Hafta,Cuma,,,
37. Hafta,Cumartesi,,,
37. Hafta,Pazar,,,
38. Hafta,Pazartesi,,,
38. Hafta,Salı,,,
38. Hafta,Çarşamba,,,
38. Hafta,Perşembe,,,
38. Hafta,Cuma,,,
38. Hafta,Cumartesi,,,
38. Hafta,Pazar,,,
39. Hafta,Pazartesi,,,
39. Hafta,Salı,,,
39. Hafta,Çarşamba,,,
39. Hafta,Perşembe,,,
39. Hafta,Cuma,,,
39. Hafta,Cumartesi,,,
39. Hafta,Pazar,,,
40. Hafta,Pazartesi,,,
40. Hafta,Salı,,,
40. Hafta,Çarşamba,,,
40. Hafta,Perşembe,,,
40. Hafta,Cuma,,,
40. Hafta,Cumartesi,,,
40. Hafta,Pazar,,,
41. Hafta,Pazartesi,,,
41. Hafta,Salı,,,
41. Hafta,Çarşamba,,,
41. Hafta,Perşembe,,,
41. Hafta,Cuma,,,
41. Hafta,Cumartesi,,,
41. Hafta,Pazar,,,
42. Hafta,Pazartesi,,,
42. Hafta,Salı,,,
42. Hafta,Çarşamba,,,
42. Hafta,Perşembe,,,
42. Hafta,Cuma,,,
42. Hafta,Cumartesi,,,
42. Hafta,Pazar,,,
43. Hafta,Pazartesi,,,
43. Hafta,Salı,,,
43. Hafta,Çarşamba,,,
43. Hafta,Perşembe,,,
43. Hafta,Cuma,,,
43. Hafta,Cumartesi,,,
43. Hafta,Pazar,,,
44. Hafta,Pazartesi,,,
44. Hafta,Salı,,,
44. Hafta,Çarşamba,,,
44. Hafta,Perşembe,,,
44. Hafta,Cuma,,,
44. Hafta,Cumartesi,,,
44. Hafta,Pazar,,,
45. Hafta,Pazartesi,,,
45. Hafta,Salı,,,
45. Hafta,Çarşamba,,,
45. Hafta,Perşembe,,,
45. Hafta,Cuma,,,
45. Hafta,Cumartesi,,,
45. Hafta,Pazar,,,
46. Hafta,Pazartesi,,,
46. Hafta,Salı,,,
46. Hafta,Çarşamba,,,
46. Hafta,Perşembe,,,
46. Hafta,Cuma,,,
46. Hafta,Cumartesi,,,
46. Hafta,Pazar,,,
47. Hafta,Pazartesi,,,
47. Hafta,Salı,,,
47. Hafta,Çarşamba,,,
47. Hafta,Perşembe,,,
47. Hafta,Cuma,,,
47. Hafta,Cumartesi,,,
47. Hafta,Pazar,,,
48. Hafta,Pazartesi,,,
48. Hafta,Salı,,,
48. Hafta,Çarşamba,,,
48. Hafta,Perşembe,,,
48. Hafta,Cuma,,,
48. Hafta,Cumartesi,,,
48. Hafta,Pazar,,,
49. Hafta,Pazartesi,,,
49. Hafta,Salı,,,
49. Hafta,Çarşamba,,,
49. Hafta,Perşembe,,,
49. Hafta,Cuma,,,
49. Hafta,Cumartesi,,,
49. Hafta,Pazar,,,
50. Hafta,Pazartesi,,,
50. Hafta,Salı,,,
50. Hafta,Çarşamba,,,
50. Hafta,Perşembe,,,
50. Hafta,Cuma,,,
50. Hafta,Cumartesi,,,
50. Hafta,Pazar,,,
